[{"D:\\Cache\\QQBrowser\\\u7a0b\u5e8f\u5458\u7684\u6570\u5b662-Ruby\u811a\u672c\\\u7a0b\u5e8f\u5458\u7684\u6570\u5b662-Ruby\u811a\u672c\\pscs-sim\\pscs-sim\\cake\\make.bat": "ASCII"}, {"D:\\Cache\\QQBrowser\\dockerjenkins.sh": "ASCII"}, {"D:\\Cache\\QQBrowser\\\u7a0b\u5e8f\u5458\u7684\u6570\u5b662-Ruby\u811a\u672c\\\u7a0b\u5e8f\u5458\u7684\u6570\u5b662-Ruby\u811a\u672c\\pscs-sim\\pscs-sim\\README.txt": "SHIFT_JIS"}, {"E:\\VM\\Windows 7 x64.vmx": "GB2312"}, {"C:\\Users\\Crmhf\\Desktop\\hosts": "ASCII"}, {"D:\\Cache\\QQIM\\Heatmap.js": "UTF-8"}, {"E:\\core\\docker\u6570\u636e\\docker\\gitlab\\etc\\gitlab.rb": "ASCII"}, {"D:\\Work\\2017\\07\u5c01\u95ed\\\u4e09\u7ef4\u5730\u5f62\\\u4e09\u7ef4\u5730\u5f62\u5e94\u7528\u7a0b\u5e8f\\08.gdal2srtmtiles-demo.py": "ASCII"}, {"E:\\core\\\u6587\u6863init\\init.sh": "ASCII"}, {"E:\\core\\docker\u6570\u636e\\docker\\cnpm\\config\\index.js": "UTF-8"}, {"E:\\core\\\u684c\u9762init\\init.sh": "UTF-8"}, {"E:\\core\\init.sh": "ASCII"}, {"D:\\WebApp\\nginx\\html\\gis3d\\try\\terrain.dem.html": "UTF-8"}, {"D:\\WebApp\\nginx\\html\\gis3d\\try\\wmts.tianditu.html": "UTF-8"}, {"D:\\Project\\github\\vuedals\\package.json": "ASCII"}, {"D:\\Project\\github\\vuedals\\README.md": "ASCII"}, {"D:\\Project\\github\\vuedals\\release.sh": "ASCII"}, {"D:\\Wamp\\wampmanager.conf": "ASCII"}, {"D:\\DEV\\Portal\\code\\trunk\\KTopPortal20161228\\lib\\directives\\dataRegisterFunction.js": "ASCII"}, {"C:\\Users\\Crmhf\\Desktop\\common.css": "GB2312"}, {"C:\\Users\\Crmhf\\iceworks-workspace\\homepage\\src\\components\\Footer\\index.js": "ASCII"}, {"E:\\VM\\Windows XP\\Windows XP.vmx": "GB2312"}, {"D:\\WebApp\\wamp\\bin\\apache\\apache2.4.23\\conf\\httpd.conf": "UTF-8"}, {"C:\\Users\\Crmhf\\Desktop\\index.css": "UTF-8"}, {"C:\\Users\\Crmhf\\.ssh\\id_rsa.pub": "ASCII"}, {"C:\\Users\\Crmhf\\.ssh\\github": "ASCII"}, {"D:\\Project\\githubCrmhf\\github": "ASCII"}, {"C:\\Users\\Crmhf\\Desktop\\head.asp": "GB2312"}, {"D:\\Crmhf\\Pro\\Esri\\temp\\zj\\index.asp": "GB2312"}, {"D:\\Crmhf\\Pro\\Esri\\temp\\zj\\Admin\\Article_List.asp": "GB2312"}, {"D:\\Crmhf\\Pro\\Esri\\temp\\zj\\AppCode\\Class\\Ok3w_AdSense.asp": "GB2312"}, {"D:\\Crmhf\\Pro\\Esri\\temp\\zj\\AppCode\\Class\\Ok3w_Article.asp": "GB2312"}, {"D:\\Crmhf\\Pro\\Esri\\temp\\zj\\AppCode\\Pager.asp": "GB2312"}, {"D:\\WebApp\\nginx\\html\\wx\\\u667a\u80fd\u673a\u5668\u4eba\\zndg\\utils\\util.js": "ASCII"}, {"D:\\Wamp\\bin\\apache\\apache2.4.9\\conf\\httpd.conf": "ASCII"}, {"C:\\Users\\Crmhf\\Desktop\\index.asp": "GB2312"}, {"C:\\Users\\Crmhf\\Desktop\\list-ljk.asp": "GB2312"}, {"D:\\WebApp\\nginx\\html\\wx\\\u667a\u80fd\u673a\u5668\u4eba\\zndg\\pages\\index\\index.js": "UTF-8"}, {"C:\\Users\\Crmhf\\Desktop\\config.txt": "ASCII"}, {"D:\\xampp\\apache\\conf\\httpd.conf": "ASCII"}, {"D:\\WebApp\\nginx\\html\\wx\\\u8c46\u74e3\u56fe\u4e66\\DouBanBookApp\\app.wxss": "ASCII"}, {"D:\\Crmhf\\config": "ASCII"}, {"D:\\WebApp\\nginx\\conf\\nginx.conf": "ASCII"}, {"C:\\Users\\Crmhf\\AppData\\Local\\Nox\\record\\47931c025ec24ce4aa135b1ac84f36e7": "ASCII"}, {"D:\\WebApp\\nodejs\\node_global_cache\\_logs\\2018-05-04T00_51_21_525Z-debug.log": "ASCII"}, {"C:\\Users\\Crmhf\\Desktop\\config - bak.txt": "ASCII"}, {"D:\\Crmhf\\1.txt": "UTF-8"}, {"D:\\Crmhf\\Projects\\Webstorm\\EsriWh\\WebApp\\Wisdrisoft\\2.\u68c0\u6d4b\u8bbe\u5907\u5f39\u51fa\u4eea\u8868\u4fe1\u606f.html": "UTF-8-SIG"}, {"D:\\Crmhf\\Projects\\Webstorm\\EsriWh\\WebApp\\Wisdrisoft\\0.\u76f4\u63a5\u4f7f\u7528\u57fa\u7840\u7684\u5730\u56fe.html": "UTF-8-SIG"}, {"D:\\Crmhf\\Projects\\Webstorm\\WebGISApp\\GISApp\\Try\\ArcGIS for JavaScript\\War\\gp\u670d\u52a1_\u5728\u7ebf.html": "ASCII"}, {"D:\\wamp\\www\\arcgis_js_api\\library\\3.10\\3.10\\js\\esri\\layers\\WMSLayer.js": "ASCII"}, {"D:\\wamp\\www\\arcgis_js_api\\library\\3.10\\3.10\\js\\esri\\layers\\ArcGISDynamicMapServiceLayer.js": "ASCII"}, {"I:\\Lite\\SoftPortable\\SublimeTextPortable\\App\\SublimeText64\\Data\\Packages\\Default\\Preferences.sublime-settings": "ASCII"}, {"C:\\Users\\Crmhf\\Desktop\\111.py": "UTF-8"}, {"C:\\Users\\Crmhf\\Desktop\\222.py": "UTF-8"}, {"C:\\Users\\Crmhf\\Desktop\\11.py": "UTF-8"}, {"C:\\Users\\Crmhf\\Desktop\\php.ini": "ASCII"}, {"C:\\Users\\Crmhf\\Desktop\\1.json": "UTF-8"}, {"C:\\Users\\Crmhf\\Desktop\\111\\1.json": "UTF-8"}, {"D:\\Crmhf\\Temp\\UC2013-GeoEvent-weibo-master\\LayersPalette.js": "ASCII"}, {"C:\\Users\\Crmhf\\Desktop\\consde.py": "ASCII"}, {"C:\\Users\\Crmhf\\Desktop\\createDb.py": "ASCII"}, {"C:\\Users\\Crmhf\\Desktop\\1.html": "GB2312"}, {"D:\\Crmhf\\Temp\\UC2013-GeoEvent-weibo-master\\StreamLayer.js": "ASCII"}, {"D:\\wamp\\www\\wuhan\\plugin\\dzm_money\\app.php": "UTF-8"}, {"D:\\wamp\\www\\wuhan\\controller\\api.class.php": "UTF-8"}, {"C:\\Users\\Crmhf\\Desktop\\WEB-INF\\oracleconfig.xml": "ASCII"}, {"C:\\Users\\Crmhf\\Desktop\\WEB-INF\\guestcustomizationscript.sh": "ASCII"}, {"C:\\Users\\Crmhf\\Desktop\\WEB-INF\\mountpath.sh": "UTF-8"}, {"G:\\Soft\\vcloud\\\u5b89\u88c5\u6587\u4ef6\\schema_oracle.sql": "UTF-8"}, {"G:\\Soft\\vcloud\\\u5b89\u88c5\u6587\u4ef6\\proxy.conf": "ASCII"}, {"G:\\Soft\\vcloud\\\u5b89\u88c5\u6587\u4ef6\\admin\\index.html": "UTF-8"}, {"G:\\Soft\\vcloud\\\u5b89\u88c5\u6587\u4ef6\\admin\\template\\userpro.html": "UTF-8"}, {"G:\\Soft\\vcloud\\\u5b89\u88c5\u6587\u4ef6\\admin\\template\\userquota.html": "UTF-8"}, {"D:\\Crmhf\\Projects\\Webstorm\\EsriWh\\WebApp\\Wisdrisoft\\5.\u6839\u636e\u8bbe\u5907\u540d\u79f0\u641c\u7d22.html": "UTF-8-SIG"}, {"E:\\Cache\\ChromeDownload\\weixinpress-0.5\\weixinpress\\weixinpress.php": "UTF-8"}, {"D:\\wamp\\www\\esri\\index3.html": "ASCII"}, {"D:\\wamp\\www\\esri\\index.html": "ASCII"}, {"D:\\wamp\\www\\esri\\index2.html": "ASCII"}, {"D:\\Crmhf\\Projects\\Webstorm\\Basic-Story-Map-FeatureLayer\\index_basic.html": "UTF-8"}, {"E:\\Cache\\ChromeDownload\\storytelling_text_legend\\config.js": "ASCII"}, {"D:\\wamp\\www\\esri\\indexcr.html": "ASCII"}, {"D:\\temp\\esri\\index.html": "ASCII"}, {"D:\\wamp\\www\\portal\\storytelling_text_legend\\index.html": "ASCII"}, {"D:\\wamp\\www\\portal\\SimpleMapViewer\\index.html": "UTF-8"}, {"E:\\Cache\\ChromeDownload\\storytelling_text_legend\\index.html": "ASCII"}, {"C:\\Windows\\System32\\drivers\\etc\\hosts": "ASCII"}, {"D:\\Crmhf\\Yun\\Work\\ESRI\\2015\\03\u6cb3\u5927\\Demo\\MapTour\\index.html": "ASCII"}, {"D:\\wamp\\www\\arcgis_js_api\\library\\3.10\\3.10\\init.js": "ASCII"}, {"D:\\wamp\\bin\\apache\\apache2.4.9\\conf\\httpd.conf": "ASCII"}, {"D:\\wamp\\www\\arcgis_js_api\\library\\3.10\\3.10compact\\init.js": "ASCII"}, {"D:\\wamp\\www\\arcgis_js_api\\library\\3.10\\3.10\\js\\dojo\\dojo\\dojo.js": "ASCII"}, {"D:\\Crmhf\\Yun\\Work\\ESRI\\2015\\03\u6cb3\u5927\\Demo\\SimpleMapViewer (1)\\index.html": "UTF-8"}, {"C:\\Users\\Crmhf\\\u684c\u9762\\hosts": "ASCII"}, {"C:\\Users\\Crmhf\\\u684c\u9762\\portal-20150401.162155-1212-0.0.log": "UTF-8"}, {"C:\\Users\\Crmhf\\\u684c\u9762\\test.aspx": "UTF-8"}, {"C:\\Users\\Crmhf\\\u684c\u9762\\portal-config.properties": "ASCII"}, {"D:\\wamp\\www\\Basic-Story-Map\\index_basic.html": "UTF-8"}, {"E:\\wamp\\www\\portal\\SimpleMapViewer\\index.html": "UTF-8"}, {"C:\\Users\\Crmhf\\Desktop\\hosts_2015-03-19-181726.bak": "ASCII"}]